<?xml version="1.0" encoding="UTF-8"?>
<GenRun Id="AXI4_Stream_Divider_m_synth_1" LaunchPart="xc7z010clg400-1" LaunchTime="1500369815">
  <File Type="RDS-UTIL-PB" Name="AXI4_Stream_Divider_m_utilization_synth.pb"/>
  <File Type="RDS-DCP" Name="AXI4_Stream_Divider_m.dcp"/>
  <File Type="RDS-UTIL" Name="AXI4_Stream_Divider_m_utilization_synth.rpt"/>
  <File Type="RDS-PROPCONSTRS" Name="AXI4_Stream_Divider_m_drc_synth.rpt"/>
  <File Type="RDS-RDS" Name="AXI4_Stream_Divider_m.vds"/>
  <File Type="VDS-TIMING-PB" Name="AXI4_Stream_Divider_m_timing_summary_synth.pb"/>
  <File Type="PA-TCL" Name="AXI4_Stream_Divider_m.tcl"/>
  <File Type="VDS-TIMINGSUMMARY" Name="AXI4_Stream_Divider_m_timing_summary_synth.rpt"/>
  <FileSet Name="sources" Type="BlockSrcs" RelSrcDir="$PSRCDIR/AXI4_Stream_Divider_m">
    <File Path="$PSRCDIR/sources_1/ip/AXI4_Stream_Divider_m/AXI4_Stream_Divider_m.xci">
      <FileInfo>
        <Attr Name="UsedIn" Val="synthesis"/>
        <Attr Name="UsedIn" Val="implementation"/>
        <Attr Name="UsedIn" Val="simulation"/>
      </FileInfo>
    </File>
    <Config>
      <Option Name="TopModule" Val="AXI4_Stream_Divider_m"/>
      <Option Name="UseBlackboxStub" Val="1"/>
    </Config>
  </FileSet>
  <FileSet Name="constrs_in" Type="BlockSrcs" RelSrcDir="$PSRCDIR/AXI4_Stream_Divider_m">
    <File Path="$PSRCDIR/sources_1/ip/AXI4_Stream_Divider_m/AXI4_Stream_Divider_m.xci">
      <FileInfo>
        <Attr Name="UsedIn" Val="synthesis"/>
        <Attr Name="UsedIn" Val="implementation"/>
        <Attr Name="UsedIn" Val="simulation"/>
      </FileInfo>
    </File>
    <Config>
      <Option Name="TopModule" Val="AXI4_Stream_Divider_m"/>
      <Option Name="UseBlackboxStub" Val="1"/>
    </Config>
  </FileSet>
  <Strategy Version="1" Minor="2">
    <StratHandle Name="Strategy_1" Flow="Vivado Synthesis 2016"/>
    <Step Id="synth_design">
      <Option Id="Assert">1</Option>
      <Option Id="CascadeDsp">2</Option>
    </Step>
  </Strategy>
</GenRun>
